,age_of_mother,low_birth_weight,birth_id,Unnamed: 0,Below.HS.Education.Percentage,Unemployment.Rate,age_std,edu_std,unemp_std
count,779120.0,779120.0,779120.0,779120.0,779120.0,779120.0,779120.0,779120.0,779120.0
mean,27.532201714755107,0.7900541636718349,500689.5071144368,43.01503619468118,8.85116952459185,4.768653994249923,1.717442858588434e-16,-4.841525407643521e-16,1.955287536540783e-17
std,6.723280973662654,0.4072699289524679,294950.98354825744,24.405946014628523,4.3997624488163085,1.261156618639242,1.0000000000050746,1.000000000000802,1.0000000000031868
min,12.0,0.0,1.0,1.0,2.9,1.8,-2.3102116028766235,-1.3526115543335582,-2.3539138203572447
25%,22.0,1.0,243952.75,23.0,7.1,3.9,-0.8228425580347744,-0.39801456214141206,-0.6887756694225495
50%,27.0,1.0,487095.5,41.0,8.5,4.6,-0.07915803561384982,-0.0798155647440299,-0.13372961911098472
75%,32.0,1.0,762877.25,67.0,9.0,5.8,0.6645264868070748,0.03382693432646371,0.8177778957088413
max,52.0,1.0,1026449.0,88.0,42.9,6.9,3.639264576490773,7.7387883713059304,1.6899931176270153
