Variable,Coefficient,P_Value,Odds_Ratio
Intercept,0.06584205685128025,0.2614250547021745,1.0680580113980485
C(race_of_mother)[T.Asian or Pacific Islander/Hawaiian],1.7467268592569583,1.8562225562061097e-160,5.735797843746912
C(race_of_mother)[T.Native American],2.9052585366090113,1.77441886731911e-10,18.269966496853602
C(race_of_mother)[T.Unknown/Not Reported],2.066004798742867,2.2109211074520244e-181,7.893225016982415
C(race_of_mother)[T.White],0.945011082091938,5.468902454040104e-295,2.5728418909007145
age_of_mother,0.0017543714596221388,0.2861318608365001,1.0017559112695658
below_hs_pct,0.04144492134628377,1.050693423071381e-28,1.0423157509221217
